id,name
1,Salt report
2,Pasta religious
3,Chili notice
4,Yogurt concern
5,Lemon join
6,Chili later
7,Mushroom crime
8,Yogurt easy
9,Chicken create
10,Fish exist
11,Cheese say
12,Basil once
13,Rice address
14,Salt activity
15,Garlic defense
16,Olive Oil buy
17,Lemon knowledge
18,Pasta interview
19,Rice need
20,Cucumber talk
21,Potato truth
22,Chili investment
23,Lemon these
24,Paprika action
25,Paprika wear
26,Garlic body
27,Carrot program
28,Tofu show
29,Chicken chair
30,Potato specific
31,Shrimp although
32,Coconut else
33,Chili sometimes
34,Shrimp see
35,Cucumber energy
36,Pepper church
37,Pepper accept
38,Shrimp indeed
39,Salt over
40,Pasta thus
41,Rice on
42,Honey growth
43,Beef fly
44,Tomato entire
45,Pepper table
46,Potato including
47,Honey environmental
48,Tofu time
49,Fish task
50,Shrimp language
51,Garlic activity
52,Onion public
53,Butter opportunity
54,Chili physical
55,Pasta even
56,Basil poor
57,Egg finish
58,Honey study
59,Basil south
60,Tofu machine
61,Beef cut
62,Beef figure
63,Milk heavy
64,Chicken believe
65,Mushroom thus
66,Cucumber billion
67,Coconut whole
68,Onion green
69,Butter manage
70,Onion beautiful
71,Mushroom first
72,Tomato box
73,Chili send
74,Chicken sit
75,Lemon safe
76,Pasta since
77,Onion himself
78,Cucumber off
79,Fish either
80,Onion walk
81,Cinnamon each
82,Lemon relate
83,Chili large
84,Potato science
85,Pasta far
86,Potato ahead
87,Carrot most
88,Basil kid
89,Mushroom three
90,Lettuce task
91,Milk chance
92,Fish fast
93,Honey instead
94,Cucumber travel
95,Salt nature
96,Butter cover
97,Egg son
98,Pasta safe
99,Pasta play
100,Butter practice
101,Milk opportunity
102,Yogurt serious
103,Carrot none
104,Paprika pull
105,Carrot great
106,Pasta number
107,Tomato want
108,Onion way
109,Beef result
110,Beef son
111,Basil worry
112,Olive Oil fly
113,Salt act
114,Salt safe
115,Potato administration
116,Potato wonder
117,Tofu bed
118,Butter kid
119,Onion apply
120,Chicken close
121,Potato rock
122,Yogurt when
123,Garlic wrong
124,Lettuce wait
125,Tomato study
126,Onion west
127,Pepper how
128,Cinnamon book
129,Coconut consider
130,Cinnamon management
131,Tomato put
132,Carrot he
133,Lettuce forget
134,Basil hotel
135,Chili customer
136,Garlic meeting
137,Olive Oil seat
138,Beef itself
139,Carrot or
140,Beef anyone
141,Pepper food
142,Milk without
143,Garlic evening
144,Chicken standard
145,Butter size
146,Pepper even
147,Lettuce head
148,Chicken mouth
149,Chicken because
150,Fish since
151,Basil middle
152,Onion travel
153,Fish trouble
154,Chili executive
155,Tomato necessary
156,Tofu military
157,Cheese interview
158,Mushroom later
159,Mushroom indicate
160,Cucumber tree
161,Lemon gas
162,Cucumber card
163,Onion team
164,Butter wear
165,Honey interview
166,Chili among
167,Tofu some
168,Pepper include
169,Potato recognize
170,Cheese last
171,Lettuce discover
172,Potato three
173,Lettuce artist
174,Cinnamon newspaper
175,Egg look
176,Butter must
177,Lettuce ten
178,Garlic because
179,Chili me
180,Cheese conference
181,Salt push
182,Coconut wish
183,Tomato task
184,Onion car
185,Basil mean
186,Milk list
187,Potato thus
188,Cucumber clear
189,Pasta space
190,Beef bit
191,Shrimp growth
192,Pepper report
193,Yogurt federal
194,Pepper night
195,Tofu pull
196,Salt very
197,Rice structure
198,Pasta home
199,Milk over
200,Paprika state
201,Mushroom important
202,Fish color
203,Butter view
204,Cheese must
205,Carrot clear
206,Mushroom hear
207,Cheese movement
208,Tofu side
209,Cheese other
210,Coconut specific
211,Chili oil
212,Cinnamon coach
213,Cinnamon science
214,Olive Oil what
215,Olive Oil election
216,Milk chair
217,Olive Oil happen
218,Carrot modern
219,Salt she
220,Lemon add
221,Garlic charge
222,Cheese your
223,Lettuce notice
224,Milk character
225,Butter morning
226,Tomato piece
227,Lettuce receive
228,Basil often
229,Tofu able
230,Tofu maintain
231,Pasta participant
232,Paprika anyone
233,Shrimp read
234,Rice stand
235,Lemon stage
236,Salt state
237,Egg firm
238,Mushroom gun
239,Honey difficult
240,Onion officer
241,Yogurt evening
242,Rice scientist
243,Egg shake
244,Lemon wind
245,Lemon conference
246,Mushroom poor
247,Basil school
248,Butter camera
249,Chili performance
250,Lettuce challenge
251,Milk fine
252,Chicken actually
253,Coconut capital
254,Milk film
255,Paprika sure
256,Yogurt important
257,Milk follow
258,Onion only
259,Lettuce make
260,Onion meet
261,Garlic message
262,Beef thing
263,Lemon argue
264,Egg report
265,Lemon it
266,Salt foreign
267,Basil store
268,Chicken discuss
269,Pasta cultural
270,Shrimp can
271,Yogurt recent
272,Salt include
273,Cheese worker
274,Potato simple
275,Egg industry
276,Chili loss
277,Potato pay
278,Honey image
279,Egg scene
280,Paprika personal
281,Mushroom security
282,Pasta serious
283,Fish morning
284,Fish many
285,Tomato level
286,Beef history
287,Rice stock
288,Mushroom star
289,Honey administration
290,Salt he
291,Salt toward
292,Cheese find
293,Salt nice
294,Tomato run
295,Fish wear
296,Coconut manager
297,Egg behind
298,Lemon public
299,Carrot place
300,Egg wrong
301,Egg west
302,Chicken next
303,Pasta matter
304,Olive Oil generation
305,Milk live
306,Tomato effect
307,Pepper trip
308,Coconut author
309,Butter spend
310,Olive Oil financial
311,Coconut data
312,Rice house
313,Lettuce nation
314,Lettuce risk
315,Fish serve
316,Cinnamon entire
317,Coconut for
318,Shrimp visit
319,Potato art
320,Pepper or
321,Lemon moment
322,Egg prepare
323,Pepper hospital
324,Olive Oil family
325,Tofu amount
326,Pasta successful
327,Milk fire
328,Olive Oil wide
329,Milk rest
330,Cucumber few
331,Butter out
332,Yogurt push
333,Onion show
334,Milk finally
335,Cinnamon approach
336,Coconut my
337,Pasta car
338,Egg offer
339,Salt hit
340,Fish feeling
341,Cheese board
342,Mushroom sign
343,Carrot dream
344,Fish operation
345,Salt action
346,Chicken reveal
347,Egg day
348,Carrot before
349,Potato determine
350,Basil hit
351,Yogurt activity
352,Milk two
353,Tofu wall
354,Chicken out
355,Lettuce significant
356,Onion child
357,Coconut growth
358,Onion without
359,Paprika magazine
360,Onion often
361,Carrot Mrs
362,Olive Oil region
363,Pepper answer
364,Olive Oil know
365,Carrot young
366,Tofu history
367,Cinnamon company
368,Potato father
369,Honey wait
370,Olive Oil military
371,Salt weight
372,Pepper tell
373,Egg speech
374,Butter former
375,Chicken scene
376,Yogurt black
377,Mushroom employee
378,Salt result
379,Tomato do
380,Shrimp statement
381,Carrot accept
382,Yogurt blood
383,Rice focus
384,Carrot parent
385,Cinnamon keep
386,Pasta hour
387,Tomato indeed
388,Egg enjoy
389,Lettuce level
390,Tofu evening
391,Egg political
392,Pasta physical
393,Yogurt number
394,Shrimp movie
395,Pepper tonight
396,Honey it
397,Shrimp investment
398,Shrimp situation
399,Lemon market
400,Lemon pattern
401,Beef water
402,Chicken network
403,Cinnamon key
404,Cheese build
405,Basil very
406,Cheese kitchen
407,Cheese back
408,Chili job
409,Mushroom how
410,Cucumber a
411,Beef size
412,Carrot animal
413,Cinnamon player
414,Cucumber decade
415,Lettuce public
416,Onion push
417,Milk stand
418,Pasta stop
419,Yogurt second
420,Egg investment
421,Chili other
422,Butter model
423,Pepper city
424,Chicken find
425,Pasta seven
426,Beef rule
427,Cheese great
428,Salt ten
429,Pepper property
430,Garlic reason
431,Cucumber laugh
432,Paprika food
433,Garlic measure
434,Cinnamon reach
435,Fish no
436,Rice sport
437,Mushroom mention
438,Carrot skin
439,Paprika letter
440,Potato clear
441,Chicken lawyer
442,Carrot society
443,Mushroom account
444,Fish defense
445,Shrimp million
446,Cinnamon record
447,Egg student
448,Milk which
449,Lemon voice
450,Tofu pay
451,Coconut need
452,Egg throw
453,Cinnamon city
454,Egg name
455,Garlic about
456,Mushroom say
457,Potato society
458,Yogurt great
459,Fish floor
460,Tomato man
461,Mushroom out
462,Tofu upon
463,Olive Oil level
464,Onion citizen
465,Cheese try
466,Cinnamon bit
467,Mushroom will
468,Pepper very
469,Tofu century
470,Basil live
471,Honey much
472,Tofu trial
473,Olive Oil recognize
474,Coconut share
475,Mushroom require
476,Chili member
477,Salt president
478,Milk military
479,Potato visit
480,Salt back
481,Beef once
482,Paprika set
483,Chicken real
484,Butter myself
485,Olive Oil from
486,Potato owner
487,Butter American
488,Fish huge
489,Tomato too
490,Shrimp between
491,Egg according
492,Chili society
493,Lemon fire
494,Chili anything
495,Paprika everybody
496,Cheese people
497,Salt short
498,Beef husband
499,Basil me
500,Mushroom show
501,Lemon pay
502,Paprika public
503,Onion black
504,Carrot purpose
505,Cheese garden
506,Milk line
507,Butter east
508,Cucumber toward
509,Beef international
510,Fish building
511,Beef or
512,Salt create
513,Cheese speak
514,Tofu claim
515,Honey involve
516,Paprika experience
517,Lettuce woman
518,Cheese pretty
519,Cucumber those
520,Cinnamon mission
521,Potato raise
522,Yogurt worry
523,Pepper describe
524,Egg peace
525,Coconut popular
526,Cheese life
527,Shrimp especially
528,Mushroom make
529,Rice society
530,Mushroom thousand
531,Beef themselves
532,Tomato common
533,Beef another
534,Pepper finally
535,Beef half
536,Beef student
537,Pasta research
538,Chili wait
539,Tofu box
540,Onion onto
541,Olive Oil student
542,Cheese single
543,Honey with
544,Milk soldier
545,Chili beyond
546,Cheese cell
547,Carrot less
548,Fish make
549,Shrimp each
550,Tofu land
551,Potato capital
552,Tomato dream
553,Cinnamon culture
554,Onion nation
555,Yogurt example
556,Basil wonder
557,Butter government
558,Pasta region
559,Pasta action
560,Onion lose
561,Fish black
562,Fish teacher
563,Potato air
564,Pasta parent
565,Coconut most
566,Cheese party
567,Cheese hotel
568,Chili institution
569,Chicken make
570,Egg deep
571,Shrimp begin
572,Tomato new
573,Coconut reduce
574,Butter may
575,Garlic kid
576,Butter energy
577,Pepper me
578,Pepper however
579,Potato story
580,Potato because
581,Butter standard
582,Pasta nor
583,Lemon board
584,Tomato truth
585,Pasta feel
586,Lemon before
587,Garlic minute
588,Egg wonder
589,Basil moment
590,Coconut production
591,Shrimp only
592,Chili always
593,Honey them
594,Rice produce
595,Paprika all
596,Tomato water
597,Fish realize
598,Salt the
599,Butter work
600,Salt anything
601,Carrot age
602,Basil especially
603,Lettuce no
604,Chili for
605,Lemon yet
606,Honey term
607,Potato decision
608,Fish speech
609,Lemon soldier
610,Beef government
611,Carrot together
612,Pasta subject
613,Coconut beat
614,Cinnamon thus
615,Chicken black
616,Basil play
617,Carrot option
618,Cheese total
619,Tofu between
620,Fish box
621,Chili course
622,Lettuce nothing
623,Paprika successful
624,Carrot though
625,Lemon sort
626,Onion kitchen
627,Garlic arm
628,Salt soon
629,Cheese structure
630,Olive Oil hear
631,Egg determine
632,Coconut back
633,Garlic daughter
634,Beef throw
635,Basil rest
636,Beef human
637,Chili talk
638,Tofu so
639,Fish forward
640,Pepper number
641,Rice professor
642,Onion born
643,Tomato walk
644,Pepper word
645,Cucumber staff
646,Coconut husband
647,Potato process
648,Egg billion
649,Cinnamon reduce
650,Cheese store
651,Rice quite
652,Beef she
653,Paprika foreign
654,Pasta whether
655,Carrot same
656,Shrimp ground
657,Beef paper
658,Butter develop
659,Carrot pattern
660,Basil those
661,Pasta local
662,Lemon edge
663,Basil if
664,Potato almost
665,Cheese financial
666,Chicken away
667,Beef able
668,Chili whole
669,Mushroom house
670,Lettuce knowledge
671,Cheese court
672,Beef appear
673,Honey huge
674,Pepper hundred
675,Carrot voice
676,Pasta PM
677,Salt think
678,Pepper argue
679,Potato cold
680,Paprika again
681,Milk paper
682,Egg play
683,Carrot degree
684,Chicken for
685,Chicken part
686,Basil majority
687,Cheese pressure
688,Tofu away
689,Butter economy
690,Cucumber action
691,Yogurt phone
692,Lemon seven
693,Salt citizen
694,Chili dinner
695,Fish education
696,Honey modern
697,Mushroom chair
698,Milk some
699,Lemon yeah
700,Pepper before
701,Cinnamon be
702,Mushroom view
703,Egg party
704,Cinnamon sometimes
705,Potato cause
706,Mushroom red
707,Egg difference
708,Fish smile
709,Fish ok
710,Chicken who
711,Potato product
712,Salt country
713,Tofu spend
714,Potato rather
715,Lettuce model
716,Potato defense
717,Honey among
718,Lemon news
719,Mushroom whose
720,Butter blue
721,Beef while
722,Cucumber occur
723,Beef security
724,Cheese huge
725,Tofu need
726,Honey toward
727,Garlic himself
728,Beef sport
729,Yogurt ok
730,Yogurt eye
731,Lemon just
732,Pasta task
733,Carrot yeah
734,Olive Oil when
735,Carrot again
736,Tofu whether
737,Salt western
738,Onion career
739,Onion but
740,Milk yet
741,Shrimp rate
742,Mushroom surface
743,Potato past
744,Tomato already
745,Tofu guy
746,Mushroom up
747,Paprika official
748,Rice truth
749,Potato such
750,Paprika improve
751,Cheese real
752,Egg himself
753,Cinnamon energy
754,Lettuce hope
755,Cheese list
756,Egg guy
757,Shrimp write
758,Tofu PM
759,Carrot day
760,Carrot lawyer
761,Rice ask
762,Paprika call
763,Cinnamon list
764,Pasta hold
765,Chili century
766,Potato charge
767,Honey mother
768,Mushroom reason
769,Tofu know
770,Pepper appear
771,Pepper official
772,Carrot alone
773,Milk painting
774,Egg board
775,Lettuce three
776,Milk themselves
777,Rice pick
778,Basil audience
779,Olive Oil challenge
780,Onion sister
781,Chili west
782,Rice apply
783,Lettuce trouble
784,Potato run
785,Beef stay
786,Chicken maintain
787,Fish they
788,Honey others
789,Rice know
790,Tofu test
791,Chicken in
792,Tofu new
793,Chicken trouble
794,Tomato forget
795,Yogurt picture
796,Chili process
797,Cinnamon process
798,Lemon today
799,Salt leg
800,Egg the
801,Cucumber care
802,Carrot situation
803,Rice maintain
804,Fish unit
805,Shrimp according
806,Pasta some
807,Yogurt member
808,Pepper program
809,Garlic treat
810,Salt eye
811,Cinnamon direction
812,Butter ground
813,Basil behavior
814,Milk reason
815,Garlic shake
816,Shrimp wish
817,Fish reach
818,Chicken develop
819,Olive Oil crime
820,Salt friend
821,Cheese TV
822,Potato take
823,Milk method
824,Yogurt represent
825,Mushroom air
826,Cinnamon understand
827,Honey goal
828,Egg again
829,Butter against
830,Shrimp list
831,Cucumber public
832,Garlic know
833,Chili administration
834,Chili quickly
835,Garlic three
836,Butter reality
837,Mushroom space
838,Lemon religious
839,Garlic everyone
840,Cucumber example
841,Cucumber poor
842,Chili central
843,Carrot either
844,Mushroom company
845,Chicken bring
846,Butter itself
847,Honey fast
848,Mushroom wear
849,Shrimp sell
850,Cheese step
851,Lettuce your
852,Rice sit
853,Paprika message
854,Butter both
855,Beef clear
856,Carrot tax
857,Honey community
858,Egg night
859,Basil worker
860,Shrimp expect
861,Honey never
862,Carrot they
863,Tofu story
864,Olive Oil two
865,Chili debate
866,Paprika difficult
867,Basil PM
868,Shrimp back
869,Tofu stop
870,Onion hold
871,Tofu few
872,Rice well
873,Pasta certain
874,Basil real
875,Chicken economy
876,Cheese work
877,Salt receive
878,Tomato his
879,Shrimp drop
880,Milk student
881,Butter themselves
882,Potato evidence
883,Pepper way
884,Coconut away
885,Basil beat
886,Chicken recent
887,Milk song
888,Mushroom some
889,Milk majority
890,Honey save
891,Paprika manager
892,Olive Oil because
893,Cheese someone
894,Rice half
895,Coconut use
896,Tofu animal
897,Pasta clear
898,Milk protect
899,Carrot tree
900,Shrimp deal
901,Paprika despite
902,Paprika push
903,Pepper arrive
904,Salt behind
905,Beef state
906,Cinnamon machine
907,Rice couple
908,Pasta travel
909,Potato build
910,Shrimp would
911,Egg throughout
912,Garlic task
913,Onion argue
914,Carrot study
915,Cheese senior
916,Pasta popular
917,Egg well
918,Paprika establish
919,Fish soon
920,Butter last
921,Onion college
922,Salt among
923,Cucumber from
924,Onion rate
925,Carrot kitchen
926,Carrot heart
927,Beef billion
928,Cheese never
929,Pepper collection
930,Carrot culture
931,Mushroom listen
932,Honey town
933,Pasta sport
934,Olive Oil power
935,Salt before
936,Milk ready
937,Honey tonight
938,Garlic fund
939,Basil before
940,Onion dinner
941,Garlic local
942,Potato painting
943,Cinnamon bill
944,Tomato threat
945,Coconut table
946,Coconut or
947,Cinnamon religious
948,Cinnamon international
949,Chili usually
950,Milk add
951,Tomato land
952,Onion east
953,Cucumber marriage
954,Fish million
955,Olive Oil court
956,Cucumber floor
957,Beef yes
958,Onion education
959,Basil fall
960,Shrimp always
961,Beef free
962,Butter majority
963,Milk age
964,Cucumber daughter
965,Salt land
966,Fish if
967,Milk whole
968,Rice main
969,Rice understand
970,Carrot base
971,Pasta blue
972,Yogurt president
973,Salt east
974,Cheese role
975,Cheese blood
976,Coconut against
977,Pepper high
978,Tofu fund
979,Beef how
980,Cheese century
981,Egg material
982,Tofu rest
983,Yogurt before
984,Carrot sign
985,Chili history
986,Paprika behavior
987,Tomato she
988,Beef yard
989,Fish himself
990,Honey yard
991,Butter first
992,Yogurt themselves
993,Lemon discussion
994,Milk spring
995,Cucumber decide
996,Onion raise
997,Onion election
998,Paprika want
999,Basil none
1000,Potato professional
1001,Beef challenge
1002,Potato fine
1003,Shrimp own
1004,Egg ten
1005,Pasta president
1006,Coconut present
1007,Butter push
1008,Cheese east
1009,Paprika garden
1010,Butter ahead
1011,Potato task
1012,Chicken citizen
1013,Milk page
1014,Yogurt them
1015,Carrot forget
1016,Honey even
1017,Shrimp conference
1018,Shrimp Mr
1019,Garlic rather
1020,Carrot up
1021,Egg article
1022,Onion good
1023,Lettuce chair
1024,Cucumber everyone
1025,Tofu president
1026,Onion listen
1027,Fish future
1028,Tomato near
1029,Carrot statement
1030,Mushroom note
1031,Butter degree
1032,Paprika hot
1033,Olive Oil team
1034,Cucumber TV
1035,Honey state
1036,Salt sort
1037,Milk beautiful
1038,Paprika point
1039,Carrot whose
1040,Pepper with
1041,Salt truth
1042,Cheese thousand
1043,Chicken general
1044,Cheese similar
1045,Carrot but
1046,Beef according
1047,Lettuce win
1048,Garlic nothing
1049,Carrot person
1050,Olive Oil Republican
1051,Milk of
1052,Carrot wall
1053,Potato party
1054,Beef leg
1055,Paprika interview
1056,Cinnamon sense
1057,Lemon now
1058,Lettuce issue
1059,Shrimp series
1060,Paprika clear
1061,Carrot nice
1062,Pasta stay
1063,Paprika seven
1064,Potato new
1065,Lemon important
1066,Egg matter
1067,Cheese magazine
1068,Cucumber than
1069,Carrot necessary
1070,Honey human
1071,Carrot similar
1072,Salt bit
1073,Potato middle
1074,Basil choice
1075,Cucumber pretty
1076,Milk after
1077,Potato lot
1078,Cinnamon building
1079,Potato present
1080,Salt hundred
1081,Chili road
1082,Mushroom increase
1083,Fish president
1084,Lemon task
1085,Lemon cause
1086,Carrot cell
1087,Fish suffer
1088,Paprika suddenly
1089,Beef scientist
1090,Lemon politics
1091,Cucumber represent
1092,Olive Oil pretty
1093,Tomato good
1094,Mushroom college
1095,Salt reduce
1096,Lemon pass
1097,Butter hard
1098,Chicken crime
1099,Cheese yet
1100,Lemon central
1101,Beef address
1102,Salt door
1103,Cheese much
1104,Coconut spring
1105,Milk evidence
1106,Lettuce ever
1107,Egg tough
1108,Potato less
1109,Onion next
1110,Yogurt administration
1111,Mushroom nothing
1112,Butter lot
1113,Salt my
1114,Pepper large
1115,Coconut ok
1116,Fish guy
1117,Cinnamon seek
1118,Salt bag
1119,Cinnamon strategy
1120,Honey thousand
1121,Mushroom sport
1122,Basil door
1123,Paprika relate
1124,Egg perform
1125,Olive Oil often
1126,Fish including
1127,Onion that
1128,Cheese inside
1129,Paprika city
1130,Olive Oil body
1131,Lemon family
1132,Basil network
1133,Pasta compare
1134,Butter success
1135,Honey will
1136,Fish person
1137,Egg society
1138,Basil course
1139,Cucumber all
1140,Pasta body
1141,Olive Oil drug
1142,Tofu great
1143,Cinnamon trip
1144,Coconut then
1145,Lemon different
1146,Olive Oil campaign
1147,Garlic part
1148,Cinnamon however
1149,Cinnamon tell
1150,Milk citizen
1151,Lettuce Democrat
1152,Potato first
1153,Lettuce recently
1154,Shrimp key
1155,Lemon lawyer
1156,Yogurt front
1157,Potato hotel
1158,Butter street
1159,Cucumber focus
1160,Chicken local
1161,Salt whose
1162,Fish include
1163,Beef local
1164,Coconut possible
1165,Lemon herself
1166,Salt leave
1167,Cinnamon family
1168,Onion general
1169,Potato significant
1170,Chicken which
1171,Potato white
1172,Milk those
1173,Mushroom either
1174,Yogurt trade
1175,Chicken half
1176,Garlic include
1177,Cheese development
1178,Lemon deep
1179,Paprika west
1180,Butter south
1181,Potato west
1182,Yogurt have
1183,Onion medical
1184,Salt card
1185,Yogurt beyond
1186,Lemon social
1187,Milk admit
1188,Honey Mrs
1189,Carrot recent
1190,Butter doctor
1191,Potato major
1192,Tofu at
1193,Shrimp same
1194,Chicken story
1195,Tomato smile
1196,Carrot someone
1197,Chicken none
1198,Cheese main
1199,Coconut ago
1200,Honey feel
1201,Basil him
1202,Pepper policy
1203,Lettuce term
1204,Coconut customer
1205,Cucumber piece
1206,Fish hour
1207,Tomato push
1208,Milk international
1209,Chili part
1210,Milk much
1211,Cheese line
1212,Honey form
1213,Garlic adult
1214,Carrot quality
1215,Tofu talk
1216,Salt professor
1217,Pasta surface
1218,Olive Oil option
1219,Shrimp believe
1220,Pepper wall
1221,Rice process
1222,Carrot any
1223,Chicken move
1224,Salt do
1225,Pepper yourself
1226,Cucumber magazine
1227,Tofu protect
1228,Basil travel
1229,Paprika might
1230,Chili reduce
1231,Pepper speak
1232,Tomato about
1233,Cucumber other
1234,Fish end
1235,Pasta trial
1236,Tomato manager
1237,Lettuce establish
1238,Potato whole
1239,Carrot by
1240,Salt rich
1241,Lemon garden
1242,Egg another
1243,Cinnamon minute
1244,Beef prevent
1245,Yogurt back
1246,Lemon southern
1247,Cucumber accept
1248,Cinnamon rule
1249,Cinnamon human
1250,Chicken station
1251,Beef thank
1252,Tofu bag
1253,Lettuce federal
1254,Shrimp often
1255,Cinnamon purpose
1256,Tofu what
1257,Paprika however
1258,Cheese than
1259,Tofu home
1260,Milk suggest
1261,Fish community
1262,Coconut various
1263,Fish air
1264,Shrimp foreign
1265,Olive Oil opportunity
1266,Chili movie
1267,Carrot always
1268,Paprika treatment
1269,Yogurt young
1270,Yogurt too
1271,Cucumber above
1272,Egg American
1273,Garlic well
1274,Mushroom cultural
1275,Tomato citizen
1276,Basil nation
1277,Milk sport
1278,Beef ability
1279,Paprika throw
1280,Paprika price
1281,Honey keep
1282,Honey case
1283,Lettuce because
1284,Mushroom environmental
1285,Lemon store
1286,Carrot computer
1287,Potato from
1288,Basil offer
1289,Tomato speak
1290,Milk support
1291,Olive Oil significant
1292,Yogurt return
1293,Paprika floor
1294,Basil at
1295,Potato subject
1296,Fish according
1297,Cheese food
1298,Carrot concern
1299,Garlic themselves
1300,Coconut baby
1301,Beef detail
1302,Mushroom performance
1303,Yogurt authority
1304,Salt huge
1305,Fish fear
1306,Cucumber phone
1307,Egg college
1308,Garlic stop
1309,Tomato ability
1310,Chicken although
1311,Olive Oil cut
1312,Carrot threat
1313,Chili card
1314,Paprika require
1315,Tofu lawyer
1316,Butter international
1317,Lemon my
1318,Potato along
1319,Salt development
1320,Yogurt heart
1321,Yogurt detail
1322,Shrimp perform
1323,Salt eight
1324,Cheese effect
1325,Mushroom paper
1326,Paprika relationship
1327,Butter to
1328,Egg sound
1329,Mushroom care
1330,Beef which
1331,Egg coach
1332,Cinnamon clearly
1333,Lemon smile
1334,Tofu until
1335,Chili provide
1336,Salt street
1337,Tomato drop
1338,Salt glass
1339,Cheese loss
1340,Mushroom actually
1341,Chili along
1342,Butter nature
1343,Olive Oil black
1344,Lettuce team
1345,Potato early
1346,Honey a
1347,Honey stop
1348,Cheese at
1349,Cucumber art
1350,Tofu another
1351,Basil provide
1352,Beef story
1353,Fish friend
1354,Coconut voice
1355,Tomato ever
1356,Egg safe
1357,Pasta last
1358,Basil by
1359,Pasta value
1360,Pepper unit
1361,Beef low
1362,Paprika cover
1363,Paprika kitchen
1364,Coconut behavior
1365,Honey guy
1366,Milk build
1367,Lettuce city
1368,Lettuce range
1369,Tomato statement
1370,Coconut treat
1371,Lettuce on
1372,Lemon cultural
1373,Fish expert
1374,Tofu down
1375,Yogurt especially
1376,Beef production
1377,Olive Oil do
1378,Milk develop
1379,Chili safe
1380,Mushroom else
1381,Egg structure
1382,Butter market
1383,Cucumber adult
1384,Fish political
1385,Pepper character
1386,Egg ready
1387,Cucumber often
1388,Garlic learn
1389,Tomato call
1390,Cucumber career
1391,Paprika middle
1392,Onion side
1393,Pasta red
1394,Onion memory
1395,Garlic action
1396,Egg success
1397,Coconut girl
1398,Chili subject
1399,Cucumber possible
1400,Chili same
1401,Milk best
1402,Lettuce poor
1403,Cucumber end
1404,Paprika bar
1405,Honey answer
1406,Rice work
1407,Chili staff
1408,Yogurt mind
1409,Yogurt raise
1410,Carrot consider
1411,Pepper add
1412,Basil life
1413,Chicken interview
1414,Potato away
1415,Carrot man
1416,Coconut get
1417,Milk effort
1418,Egg hand
1419,Pepper once
1420,Coconut remember
1421,Lettuce company
1422,Butter experience
1423,Fish fine
1424,Yogurt bed
1425,Tomato opportunity
1426,Potato summer
1427,Fish sister
1428,Egg morning
1429,Cinnamon authority
1430,Egg town
1431,Onion age
1432,Tomato place
1433,Mushroom material
1434,Mushroom assume
1435,Cinnamon drop
1436,Yogurt occur
1437,Paprika represent
1438,Lettuce chance
1439,Salt nearly
1440,Carrot physical
1441,Basil factor
1442,Shrimp morning
1443,Salt show
1444,Yogurt foreign
1445,Paprika image
1446,Butter order
1447,Beef tough
1448,Coconut special
1449,Yogurt save
1450,Cinnamon four
1451,Basil hair
1452,Tofu just
1453,Chicken position
1454,Beef color
1455,Mushroom base
1456,Milk and
1457,Tofu exist
1458,Paprika large
1459,Butter too
1460,Pasta laugh
1461,Coconut force
1462,Carrot who
1463,Butter half
1464,Butter describe
1465,Pasta reflect
1466,Butter sometimes
1467,Rice morning
1468,Garlic radio
1469,Fish into
1470,Cucumber sometimes
1471,Olive Oil marriage
1472,Beef money
1473,Pepper back
1474,Cheese region
1475,Egg field
1476,Potato just
1477,Basil back
1478,Pepper discuss
1479,Beef partner
1480,Milk choice
1481,Chicken assume
1482,Pasta sister
1483,Milk power
1484,Salt through
1485,Tofu real
1486,Tofu bad
1487,Basil condition
1488,Salt idea
1489,Tomato be
1490,Chili pick
1491,Chili hard
1492,Milk TV
1493,Cinnamon such
1494,Olive Oil year
1495,Fish tree
1496,Chicken wish
1497,Cheese field
1498,Cheese question
1499,Tomato crime
1500,Paprika season
1501,Pasta any
1502,Olive Oil three
1503,Potato interest
1504,Cucumber identify
1505,Lettuce involve
1506,Lettuce cultural
1507,Cheese lay
1508,Tofu art
1509,Pepper stage
1510,Pasta ever
1511,Paprika beyond
1512,Milk system
1513,Onion culture
1514,Honey national
1515,Lemon few
1516,Cinnamon as
1517,Potato short
1518,Cucumber player
1519,Lemon specific
1520,Tomato college
1521,Mushroom win
1522,Carrot administration
1523,Basil leg
1524,Yogurt thus
1525,Cinnamon never
1526,Lettuce price
1527,Fish consumer
1528,Paprika hundred
1529,Olive Oil science
1530,Cinnamon bed
1531,Pasta then
1532,Chicken summer
1533,Garlic travel
1534,Yogurt movement
1535,Egg serve
1536,Egg form
1537,Milk same
1538,Tomato base
1539,Paprika PM
1540,Chicken report
1541,Olive Oil never
1542,Lemon fly
1543,Potato discussion
1544,Tomato cell
1545,Beef live
1546,Basil measure
1547,Honey level
1548,Shrimp recognize
1549,Potato serious
1550,Honey there
1551,Garlic such
1552,Beef this
1553,Tomato many
1554,Mushroom moment
1555,Tofu position
1556,Yogurt factor
1557,Salt listen
1558,Lemon star
1559,Fish enough
1560,Salt cover
1561,Cinnamon course
1562,Cinnamon right
1563,Garlic value
1564,Milk safe
1565,Milk success
1566,Pepper tend
1567,Pepper close
1568,Cheese hot
1569,Basil machine
1570,Pepper similar
1571,Tomato laugh
1572,Honey school
1573,Fish skill
1574,Chili know
1575,Pepper beautiful
1576,Shrimp son
1577,Olive Oil between
1578,Paprika treat
1579,Tofu wonder
1580,Pepper develop
1581,Lettuce technology
1582,Cucumber open
1583,Lemon develop
1584,Honey near
1585,Chicken town
1586,Paprika go
1587,Pepper main
1588,Mushroom as
1589,Rice lawyer
1590,Cucumber health
1591,Egg level
1592,Cinnamon rate
1593,Garlic discover
1594,Shrimp sister
1595,Mushroom present
1596,Beef drive
1597,Lettuce space
1598,Chicken war
1599,Olive Oil particular
1600,Lettuce good
1601,Beef west
1602,Mushroom stage
1603,Butter bit
1604,Basil whatever
1605,Beef kind
1606,Chicken particularly
1607,Tomato production
1608,Pasta just
1609,Carrot foreign
1610,Pasta address
1611,Onion inside
1612,Shrimp power
1613,Pasta mother
1614,Shrimp audience
1615,Tomato line
1616,Basil wide
1617,Chili next
1618,Lettuce paper
1619,Cinnamon speech
1620,Chili statement
1621,Tomato better
1622,Garlic difficult
1623,Cucumber tough
1624,Chili indeed
1625,Rice team
1626,Chili defense
1627,Cinnamon measure
1628,Paprika perhaps
1629,Carrot while
1630,Milk view
1631,Chicken share
1632,Chicken this
1633,Basil suffer
1634,Basil must
1635,Lemon by
1636,Yogurt board
1637,Coconut people
1638,Carrot move
1639,Cheese stay
1640,Salt check
1641,Yogurt boy
1642,Rice person
1643,Olive Oil woman
1644,Pasta reason
1645,Lettuce up
1646,Garlic store
1647,Mushroom good
1648,Lettuce officer
1649,Yogurt way
1650,Salt specific
1651,Paprika theory
1652,Mushroom keep
1653,Honey glass
1654,Carrot stuff
1655,Milk deep
1656,Rice middle
1657,Milk pass
1658,Potato southern
1659,Cheese hear
1660,Tofu indeed
1661,Coconut strategy
1662,Tofu interview
1663,Potato history
1664,Potato support
1665,Tomato result
1666,Cheese wish
1667,Coconut man
1668,Garlic city
1669,Rice fly
1670,Pepper real
1671,Carrot officer
1672,Egg face
1673,Chili project
1674,Egg care
1675,Rice cause
1676,Fish their
1677,Tofu technology
1678,Basil happy
1679,Potato base
1680,Salt realize
1681,Beef consider
1682,Cheese itself
1683,Tomato everybody
1684,Honey strategy
1685,Chicken opportunity
1686,Garlic better
1687,Lettuce among
1688,Fish property
1689,Rice east
1690,Tofu foreign
1691,Cucumber moment
1692,Shrimp score
1693,Tofu book
1694,Rice similar
1695,Coconut draw
1696,Garlic feeling
1697,Cucumber agent
1698,Butter hair
1699,Chili in
1700,Fish compare
1701,Shrimp out
1702,Tomato receive
1703,Paprika value
1704,Beef amount
1705,Chicken drug
1706,Butter base
1707,Potato TV
1708,Milk country
1709,Cheese partner
1710,Onion develop
1711,Egg miss
1712,Onion south
1713,Salt run
1714,Honey me
1715,Paprika talk
1716,Paprika certainly
1717,Tofu social
1718,Chicken others
1719,Basil seem
1720,Egg own
1721,Mushroom partner
1722,Tofu individual
1723,Carrot whole
1724,Rice most
1725,Milk bed
1726,Coconut protect
1727,Salt spend
1728,Milk far
1729,Pasta want
1730,Shrimp act
1731,Basil entire
1732,Egg suggest
1733,Basil idea
1734,Beef trip
1735,Yogurt shoulder
1736,Egg image
1737,Honey son
1738,Yogurt region
1739,Lemon lose
1740,Cinnamon one
1741,Tofu environment
1742,Olive Oil administration
1743,Beef old
1744,Honey sea
1745,Pasta official
1746,Garlic although
1747,Potato participant
1748,Coconut account
1749,Lemon from
1750,Butter happen
1751,Yogurt develop
1752,Fish real
1753,Paprika rate
1754,Egg quality
1755,Basil project
1756,Lemon show
1757,Cinnamon daughter
1758,Garlic degree
1759,Egg what
1760,Egg arrive
1761,Chili heavy
1762,Cheese beat
1763,Cucumber artist
1764,Cucumber least
1765,Lettuce feel
1766,Chicken stop
1767,Beef try
1768,Salt garden
1769,Fish successful
1770,Potato her
1771,Chili condition
1772,Beef democratic
1773,Honey movement
1774,Paprika forward
1775,Paprika song
1776,Coconut huge
1777,Pasta something
1778,Salt consumer
1779,Egg officer
1780,Tomato family
1781,Lettuce black
1782,Potato move
1783,Salt continue
1784,Shrimp election
1785,Cheese also
1786,Cinnamon letter
1787,Cinnamon put
1788,Tofu adult
1789,Tomato assume
1790,Pepper glass
1791,Yogurt bag
1792,Paprika research
1793,Olive Oil leave
1794,Basil mind
1795,Paprika prevent
1796,Cinnamon final
1797,Cheese walk
1798,Honey general
1799,Lettuce left
1800,Egg view
1801,Basil result
1802,Chili draw
1803,Olive Oil word
1804,Garlic require
1805,Butter theory
1806,Shrimp action
1807,Cinnamon occur
1808,Chili get
1809,Cheese billion
1810,Coconut break
1811,Chili something
1812,Yogurt maintain
1813,Garlic item
1814,Olive Oil message
1815,Lemon whom
1816,Onion soldier
1817,Egg walk
1818,Cheese use
1819,Lettuce media
1820,Beef finally
1821,Lettuce point
1822,Yogurt prepare
1823,Cheese sell
1824,Tomato listen
1825,Coconut especially
1826,Pasta consider
1827,Mushroom money
1828,Mushroom exactly
1829,Potato performance
1830,Pasta get
1831,Rice quickly
1832,Cinnamon section
1833,Pasta side
1834,Cinnamon past
1835,Mushroom read
1836,Salt serious
1837,Yogurt until
1838,Olive Oil like
1839,Potato paper
1840,Yogurt arm
1841,Honey tree
1842,Paprika hair
1843,Rice international
1844,Egg choose
1845,Cinnamon evening
1846,Fish though
1847,Milk lawyer
1848,Potato food
1849,Tofu throughout
1850,Cheese including
1851,Shrimp institution
1852,Cinnamon seem
1853,Rice put
1854,Honey reason
1855,Cucumber suggest
1856,Beef wait
1857,Chili election
1858,Cucumber and
1859,Tofu player
1860,Pepper sea
1861,Pasta maintain
1862,Milk these
1863,Olive Oil draw
1864,Tofu anything
1865,Pasta third
1866,Carrot what
1867,Pasta herself
1868,Lettuce pretty
1869,Tomato professor
1870,Basil serious
1871,Butter every
1872,Egg like
1873,Salt medical
1874,Lemon over
1875,Pepper occur
1876,Lettuce north
1877,Butter project
1878,Shrimp nearly
1879,Chicken herself
1880,Beef win
1881,Egg example
1882,Pepper against
1883,Paprika perform
1884,Paprika arrive
1885,Carrot large
1886,Garlic your
1887,Tofu perform
1888,Cheese general
1889,Fish new
1890,Carrot seat
1891,Lemon agreement
1892,Lemon group
1893,Paprika discussion
1894,Rice Mrs
1895,Cinnamon interesting
1896,Butter late
1897,Cinnamon home
1898,Chicken indicate
1899,Tomato after
1900,Cinnamon song
1901,Paprika probably
1902,Basil appear
1903,Salt your
1904,Potato strong
1905,Shrimp hotel
1906,Chicken over
1907,Cheese me
1908,Paprika machine
1909,Potato no
1910,Coconut ten
1911,Salt summer
1912,Cheese better
1913,Tomato third
1914,Chicken Congress
1915,Potato rate
1916,Tomato us
1917,Onion yourself
1918,Pepper shake
1919,Mushroom strategy
1920,Onion catch
1921,Milk act
1922,Salt feel
1923,Pasta second
1924,Cheese five
1925,Cucumber organization
1926,Cheese each
1927,Cucumber task
1928,Rice religious
1929,Tomato past
1930,Butter parent
1931,Chili during
1932,Cinnamon southern
1933,Potato inside
1934,Pasta necessary
1935,Carrot happy
1936,Pasta another
1937,Yogurt then
1938,Tofu weight
1939,Salt since
1940,Garlic without
1941,Mushroom room
1942,Honey clear
1943,Paprika cause
1944,Butter until
1945,Chicken church
1946,Mushroom down
1947,Basil debate
1948,Coconut identify
1949,Olive Oil institution
1950,Basil nearly
1951,Tomato thus
1952,Pepper civil
1953,Honey my
1954,Coconut heavy
1955,Pepper begin
1956,Cinnamon billion
1957,Pepper blue
1958,Butter article
1959,Paprika watch
1960,Coconut example
1961,Potato everything
1962,Milk degree
1963,Tofu feeling
1964,Coconut music
1965,Milk agreement
1966,Carrot get
1967,Paprika coach
1968,Cinnamon under
1969,Lemon serious
1970,Shrimp oil
1971,Beef member
1972,Cucumber she
1973,Cheese eat
1974,Cheese player
1975,Chili chance
1976,Mushroom five
1977,Pepper just
1978,Honey realize
1979,Lettuce smile
1980,Basil energy
1981,Rice dog
1982,Mushroom major
1983,Tomato simple
1984,Beef picture
1985,Lettuce peace
1986,Mushroom under
1987,Cinnamon fund
1988,Lemon write
1989,Cucumber road
1990,Butter however
1991,Olive Oil shoulder
1992,Lemon low
1993,Milk top
1994,Beef social
1995,Cinnamon question
1996,Garlic admit
1997,Milk actually
1998,Coconut even
1999,Rice bill
2000,Tofu once
2001,Tofu in
2002,Salt win
2003,Salt hold
2004,Yogurt Democrat
2005,Coconut audience
2006,Cheese eight
2007,Pepper this
2008,Rice usually
2009,Fish reduce
2010,Shrimp house
2011,Egg everything
2012,Honey dog
2013,Salt public
2014,Olive Oil better
2015,Pasta wide
2016,Fish name
2017,Tomato senior
2018,Honey better
2019,Chicken significant
2020,Rice program
2021,Lettuce start
2022,Lemon easy
2023,Chicken nothing
2024,Cucumber most
2025,Cucumber soon
2026,Cucumber recently
2027,Milk court
2028,Rice begin
2029,Cheese again
2030,Butter man
2031,Pasta fund
2032,Shrimp anything
2033,Chili spring
2034,Yogurt church
2035,Shrimp forward
2036,Rice pressure
2037,Yogurt wind
2038,Chili color
2039,Tofu key
2040,Chili action
2041,Yogurt employee
2042,Butter number
2043,Carrot onto
2044,Chili represent
2045,Honey start
2046,Honey remember
2047,Olive Oil nor
2048,Garlic all
2049,Paprika station
2050,Pasta government
2051,Coconut public
2052,Cinnamon relationship
2053,Potato available
2054,Cucumber music
2055,Butter team
2056,Salt onto
2057,Carrot left
2058,Beef alone
2059,Pasta determine
2060,Carrot fund
2061,Beef much
2062,Yogurt possible
2063,Salt kid
2064,Paprika maintain
2065,Egg hard
2066,Lemon who
2067,Pasta bed
2068,Garlic key
2069,Lettuce think
2070,Tomato another
2071,Chicken school
2072,Carrot keep
2073,Chicken remain
2074,Salt visit
2075,Onion magazine
2076,Lemon always
2077,Onion task
2078,Pasta relationship
2079,Tofu voice
2080,Beef time
2081,Pasta majority
2082,Potato personal
2083,Butter whole
2084,Fish seven
2085,Pepper we
2086,Carrot star
2087,Lettuce collection
2088,Cheese middle
2089,Pasta social
2090,Fish daughter
2091,Onion because
2092,Tomato parent
2093,Lemon marriage
2094,Tomato ready
2095,Cheese collection
2096,Egg surface
2097,Olive Oil rest
2098,Fish school
2099,Tomato image
2100,Lemon among
2101,Carrot too
2102,Tomato traditional
2103,Olive Oil view
2104,Cinnamon game
2105,Shrimp political
2106,Tofu often
2107,Beef will
2108,Chicken instead
2109,Butter police
2110,Chicken control
2111,Lemon collection
2112,Olive Oil dream
2113,Paprika wide
2114,Cinnamon bank
2115,Fish treatment
2116,Chicken guess
2117,Chicken western
2118,Mushroom trade
2119,Chili have
2120,Basil seek
2121,Shrimp way
2122,Beef theory
2123,Pasta young
2124,Potato two
2125,Pasta direction
2126,Pepper development
2127,Butter card
2128,Olive Oil he
2129,Olive Oil doctor
2130,Fish run
2131,Onion win
2132,Butter cut
2133,Mushroom rock
2134,Mushroom experience
2135,Lemon choose
2136,Potato chair
2137,Rice money
2138,Egg manage
2139,Coconut bill
2140,Paprika four
2141,Cinnamon test
2142,Salt west
2143,Cucumber guess
2144,Chicken common
2145,Coconut so
2146,Cucumber we
2147,Pepper politics
2148,Olive Oil exactly
2149,Salt main
2150,Tofu control
2151,Lemon teacher
2152,Butter indicate
2153,Pepper about
2154,Rice every
2155,Beef center
2156,Yogurt investment
2157,Carrot guess
2158,Milk job
2159,Cheese process
2160,Rice attention
2161,Paprika either
2162,Egg clearly
2163,Salt music
2164,Tomato recent
2165,Basil sign
2166,Cheese bed
2167,Potato start
2168,Milk easy
2169,Chicken heavy
2170,Paprika check
2171,Fish already
2172,Cucumber interview
2173,Lettuce set
2174,Salt outside
2175,Cheese usually
2176,Coconut significant
2177,Butter natural
2178,Rice with
2179,Cucumber reveal
2180,Cinnamon professional
2181,Fish family
2182,Chili ground
2183,Cinnamon unit
2184,Honey market
2185,Butter their
2186,Fish put
2187,Honey protect
2188,Cucumber under
2189,Lettuce whether
2190,Egg bill
2191,Chicken weight
2192,Milk development
2193,Olive Oil activity
2194,Potato trade
2195,Basil market
2196,Beef teacher
2197,Honey music
2198,Milk involve
2199,Rice within
2200,Butter message
2201,Lemon responsibility
2202,Paprika half
2203,Tomato hotel
2204,Beef fine
2205,Milk today
2206,Paprika down
2207,Honey leader
2208,Cinnamon conference
2209,Potato marriage
2210,Beef no
2211,Honey candidate
2212,Cheese science
2213,Rice trade
2214,Lemon after
2215,Rice race
2216,Fish citizen
2217,Pepper painting
2218,Potato health
2219,Pasta first
2220,Paprika board
2221,Potato speak
2222,Basil scene
2223,Pasta drop
2224,Onion member
2225,Lettuce take
2226,Carrot here
2227,Chili imagine
2228,Cinnamon old
2229,Shrimp leg
2230,Paprika similar
2231,Pasta line
2232,Garlic couple
2233,Honey happy
2234,Pasta close
2235,Cucumber look
2236,Lettuce writer
2237,Rice game
2238,Cheese election
2239,Olive Oil happy
2240,Onion organization
2241,Honey art
2242,Potato weight
2243,Lemon third
2244,Shrimp pass
2245,Beef attorney
2246,Salt officer
2247,Onion challenge
2248,Milk year
2249,Carrot into
2250,Mushroom develop
2251,Olive Oil heart
2252,Lemon simple
2253,Carrot stand
2254,Olive Oil age
2255,Mushroom successful
2256,Pasta their
2257,Tomato player
2258,Garlic gas
2259,Rice several
2260,Paprika live
2261,Fish bed
2262,Olive Oil others
2263,Garlic color
2264,Basil do
2265,Cheese first
2266,Carrot themselves
2267,Fish employee
2268,Tofu someone
2269,Carrot body
2270,Yogurt mean
2271,Pasta field
2272,Basil old
2273,Tofu citizen
2274,Chicken south
2275,Tomato evidence
2276,Olive Oil effort
2277,Chili foot
2278,Potato news
2279,Shrimp simply
2280,Cucumber brother
2281,Cheese several
2282,Chili age
2283,Tofu these
2284,Chili give
2285,Cucumber old
2286,Onion result
2287,Carrot put
2288,Cinnamon source
2289,Cheese money
2290,Pasta along
2291,Egg population
2292,Fish whatever
2293,Olive Oil window
2294,Cheese ask
2295,Fish relate
2296,Butter environmental
2297,Pasta she
2298,Cheese possible
2299,Lemon land
2300,Shrimp even
2301,Rice onto
2302,Coconut truth
2303,Pepper child
2304,Paprika Democrat
2305,Garlic raise
2306,Fish center
2307,Lettuce maybe
2308,Egg factor
2309,Salt audience
2310,Honey age
2311,Cinnamon difference
2312,Coconut put
2313,Butter member
2314,Egg born
2315,Lettuce both
2316,Basil team
2317,Cucumber wide
2318,Beef when
2319,Potato maybe
2320,Lettuce difference
2321,Beef rather
2322,Egg among
2323,Garlic cause
2324,Pasta nature
2325,Tofu center
2326,Potato will
2327,Potato good
2328,Milk end
2329,Onion protect
2330,Lemon suffer
2331,Carrot common
2332,Carrot source
2333,Onion her
2334,Beef public
2335,Chili until
2336,Yogurt check
2337,Egg top
2338,Chicken record
2339,Honey ability
2340,Onion worry
2341,Rice challenge
2342,Pasta in
2343,Cinnamon day
2344,Carrot itself
2345,Cheese camera
2346,Coconut figure
2347,Pasta drug
2348,Rice line
2349,Beef building
2350,Tomato under
2351,Honey than
2352,Lemon whole
2353,Tofu same
2354,Butter successful
2355,Basil every
2356,Beef away
2357,Lemon activity
2358,Pasta society
2359,Olive Oil be
2360,Honey ball
2361,Lemon though
2362,Honey week
2363,Coconut movement
2364,Lemon include
2365,Paprika should
2366,Honey wish
2367,Cheese put
2368,Pepper into
2369,Pepper born
2370,Lemon arrive
2371,Pepper under
2372,Cinnamon behind
2373,Beef film
2374,Pepper picture
2375,Egg six
2376,Lemon early
2377,Chicken another
2378,Tomato medical
2379,Yogurt loss
2380,Lettuce order
2381,Egg chair
2382,Honey approach
2383,Beef everybody
2384,Rice turn
2385,Beef few
2386,Coconut from
2387,Egg reveal
2388,Rice exist
2389,Salt if
2390,Basil strong
2391,Carrot section
2392,Chili because
2393,Olive Oil product
2394,Yogurt seat
2395,Cucumber official
2396,Rice short
2397,Olive Oil thousand
2398,Onion study
2399,Butter information
2400,Pepper respond
2401,Basil traditional
2402,Rice policy
2403,Cheese some
2404,Pasta become
2405,Beef national
2406,Lettuce base
2407,Egg garden
2408,Paprika knowledge
2409,Coconut let
2410,Chicken compare
2411,Chicken send
2412,Carrot live
2413,Fish likely
2414,Pasta eye
2415,Tofu visit
2416,Milk information
2417,Chili least
2418,Tomato within
2419,Yogurt commercial
2420,Yogurt light
2421,Pepper season
2422,Chicken morning
2423,Yogurt water
2424,Carrot significant
2425,Yogurt we
2426,Chili quite
2427,Carrot serious
2428,Paprika five
2429,Butter fight
2430,Pepper actually
2431,Chicken open
2432,Onion morning
2433,Pepper modern
2434,Salt which
2435,Cinnamon fill
2436,Rice out
2437,Olive Oil participant
2438,Cucumber fall
2439,Chili note
2440,Butter step
2441,Carrot ahead
2442,Onion receive
2443,Olive Oil tend
2444,Pepper law
2445,Yogurt court
2446,Cucumber item
2447,Tomato agree
2448,Pasta free
2449,Cucumber friend
2450,Fish instead
2451,Honey ahead
2452,Milk site
2453,Chili treatment
2454,Beef plant
2455,Pasta so
2456,Shrimp computer
2457,Pepper out
2458,Basil difference
2459,Lettuce question
2460,Garlic open
2461,Basil reach
2462,Chili real
2463,Coconut involve
2464,Tofu especially
2465,Chili about
2466,Egg either
2467,Milk small
2468,Honey size
2469,Chicken energy
2470,Cucumber direction
2471,Lemon guess
2472,Mushroom effort
2473,Cheese answer
2474,Beef performance
2475,Salt according
2476,Cucumber always
2477,Pepper day
2478,Butter respond
2479,Rice physical
2480,Lettuce wish
2481,Potato draw
2482,Chicken result
2483,Butter no
2484,Cheese month
2485,Beef air
2486,Tomato event
2487,Garlic team
2488,Potato prevent
2489,Cinnamon western
2490,Paprika budget
2491,Rice live
2492,Pepper guess
2493,Salt writer
2494,Lemon help
2495,Butter these
2496,Salt those
2497,Chicken individual
2498,Carrot picture
2499,Tofu Democrat
2500,Tofu environmental
2501,Yogurt us
2502,Egg catch
2503,Tofu knowledge
2504,Pepper not
2505,Yogurt assume
2506,Pasta new
2507,Egg draw
2508,Pasta assume
2509,Cheese establish
2510,Coconut close
2511,Potato put
2512,Chili she
2513,Fish any
2514,Tofu view
2515,Rice indicate
2516,Cinnamon determine
2517,Paprika project
2518,Chili half
2519,Butter here
2520,Shrimp first
2521,Chicken late
2522,Beef somebody
2523,Tomato concern
2524,Paprika for
2525,Tofu approach
2526,Paprika window
2527,Chicken hundred
2528,Garlic no
2529,Tomato quality
2530,Lemon scene
2531,Milk but
2532,Chicken wrong
2533,Basil age
2534,Coconut write
2535,Fish western
2536,Tofu window
2537,Yogurt who
2538,Fish represent
2539,Yogurt bar
2540,Garlic interesting
2541,Mushroom term
2542,Honey somebody
2543,Milk region
2544,Cucumber herself
2545,Chicken large
2546,Paprika business
2547,Chicken history
2548,Salt above
2549,Lemon door
2550,Tofu election
2551,Mushroom late
2552,Egg develop
2553,Milk hope
2554,Coconut perhaps
2555,Honey occur
2556,Lettuce seek
2557,Lemon ask
2558,Butter write
2559,Honey loss
2560,Mushroom PM
2561,Honey political
2562,Fish authority
2563,Beef around
2564,Shrimp tend
2565,Tomato thing
2566,Onion be
2567,Rice pay
2568,Mushroom capital
2569,Beef bring
2570,Basil herself
2571,Mushroom now
2572,Tomato drug
2573,Tofu city
2574,Tomato affect
2575,Shrimp option
2576,Olive Oil care
2577,Pepper car
2578,Salt building
2579,Fish number
2580,Shrimp officer
2581,Onion now
2582,Cheese grow
2583,Pasta activity
2584,Carrot security
2585,Mushroom size
2586,Salt four
2587,Tomato human
2588,Fish recently
2589,Egg move
2590,Rice success
2591,Garlic record
2592,Chicken friend
2593,Milk son
2594,Chicken prove
2595,Coconut here
2596,Yogurt per
2597,Yogurt debate
2598,Shrimp figure
2599,Cinnamon imagine
2600,Cucumber take
2601,Carrot why
2602,Basil good
2603,Cheese I
2604,Basil start
2605,Pasta over
2606,Onion enjoy
2607,Pepper more
2608,Cucumber story
2609,Lettuce event
2610,Onion believe
2611,Cucumber day
2612,Butter career
2613,Rice eye
2614,Olive Oil law
2615,Butter someone
2616,Yogurt owner
2617,Paprika total
2618,Tofu per
2619,Tomato other
2620,Pepper forward
2621,Cucumber available
2622,Cheese join
2623,Cheese end
2624,Salt commercial
2625,Onion better
2626,Paprika idea
2627,Cinnamon middle
2628,Chicken defense
2629,Lettuce sign
2630,Honey increase
2631,Pasta likely
2632,Salt at
2633,Olive Oil her
2634,Carrot draw
2635,Tofu poor
2636,Lemon bring
2637,Honey cell
2638,Rice sort
2639,Tofu difference
2640,Garlic investment
2641,Onion big
2642,Potato edge
2643,Shrimp interview
2644,Chili perhaps
2645,Shrimp know
2646,Cucumber scientist
2647,Coconut whose
2648,Onion different
2649,Shrimp artist
2650,Basil only
2651,Pepper show
2652,Mushroom wrong
2653,Garlic environmental
2654,Lettuce if
2655,Pasta by
2656,Chili beat
2657,Fish try
2658,Lemon tough
2659,Basil truth
2660,Tomato wait
2661,Butter similar
2662,Lettuce later
2663,Lemon pick
2664,Chicken add
2665,Pasta where
2666,Lettuce arrive
2667,Lemon view
2668,Rice reveal
2669,Salt energy
2670,Carrot truth
2671,Beef about
2672,Pasta few
2673,Olive Oil population
2674,Carrot ago
2675,Egg area
2676,Tomato fact
2677,Pepper page
2678,Cucumber house
2679,Rice experience
2680,Cucumber information
2681,Chicken similar
2682,Paprika consumer
2683,Lettuce adult
2684,Garlic century
2685,Coconut edge
2686,Tomato out
2687,Rice interesting
2688,Chili however
2689,Honey player
2690,Tofu day
2691,Cheese able
2692,Potato read
2693,Cinnamon since
2694,Rice herself
2695,Butter need
2696,Lemon push
2697,Fish page
2698,Butter huge
2699,Rice shake
2700,Butter gas
2701,Fish question
2702,Basil space
2703,Lettuce play
2704,Coconut pattern
2705,Potato few
2706,Butter some
2707,Pepper produce
2708,Shrimp appear
2709,Honey would
2710,Beef check
2711,Beef single
2712,Yogurt design
2713,Honey close
2714,Milk resource
2715,Cucumber door
2716,Cucumber enough
2717,Pepper bill
2718,Fish ever
2719,Lettuce prove
2720,Mushroom production
2721,Olive Oil fact
2722,Tofu camera
2723,Lettuce structure
2724,Pasta manage
2725,Tomato husband
2726,Paprika expect
2727,Tomato protect
2728,Butter sort
2729,Milk sell
2730,Cinnamon today
2731,Honey focus
2732,Salt really
2733,Lettuce modern
2734,Lettuce economy
2735,Paprika speech
2736,Rice book
2737,Pepper so
2738,Butter simply
2739,Chili alone
2740,Shrimp health
2741,Lettuce any
2742,Coconut may
2743,Mushroom home
2744,Pasta wait
2745,Coconut small
2746,Basil book
2747,Yogurt travel
2748,Carrot offer
2749,Pasta audience
2750,Tofu give
2751,Cucumber sell
2752,Basil really
2753,Rice than
2754,Egg or
2755,Onion term
2756,Onion range
2757,Chili police
2758,Pasta bar
2759,Coconut time
2760,Pepper human
2761,Honey plan
2762,Cinnamon it
2763,Chili where
2764,Shrimp size
2765,Potato find
2766,Pasta think
2767,Pepper win
2768,Chili how
2769,Salt able
2770,Potato house
2771,Fish join
2772,Carrot deep
2773,Lettuce force
2774,Onion threat
2775,Carrot change
2776,Paprika yourself
2777,Cheese window
2778,Basil test
2779,Chili realize
2780,Paprika weight
2781,Cinnamon history
2782,Cheese language
2783,Mushroom quickly
2784,Pepper example
2785,Onion get
2786,Garlic family
2787,Pepper position
2788,Tofu think
2789,Chicken economic
2790,Tomato everything
2791,Salt study
2792,Cinnamon role
2793,Fish five
2794,Cinnamon contain
2795,Butter fact
2796,Fish generation
2797,Chicken pass
2798,Coconut learn
2799,Tomato station
2800,Cinnamon his
2801,Shrimp resource
2802,Tomato report
2803,Garlic can
2804,Garlic protect
2805,Shrimp hour
2806,Honey reduce
2807,Butter group
2808,Paprika campaign
2809,Lettuce through
2810,Basil budget
2811,Paprika as
2812,Garlic several
2813,Pasta for
2814,Cucumber five
2815,Cucumber call
2816,Mushroom may
2817,Milk discussion
2818,Milk tend
2819,Egg stock
2820,Coconut throw
2821,Onion summer
2822,Pasta month
2823,Garlic significant
2824,Chicken leader
2825,Honey stay
2826,Basil move
2827,Yogurt size
2828,Chili read
2829,Olive Oil there
2830,Basil eat
2831,Pasta well
2832,Milk book
2833,Garlic hour
2834,Egg president
2835,Carrot surface
2836,Cucumber quite
2837,Egg visit
2838,Coconut finish
2839,Paprika huge
2840,Lettuce concern
2841,Onion important
2842,Chili its
2843,Carrot water
2844,Yogurt edge
2845,Chicken bed
2846,Coconut will
2847,Rice upon
2848,Beef technology
2849,Potato nearly
2850,Chicken experience
2851,Cucumber trip
2852,Onion law
2853,Tomato explain
2854,Egg always
2855,Tomato firm
2856,Lettuce score
2857,Carrot range
2858,Chicken spring
2859,Potato me
2860,Butter pass
2861,Cucumber of
2862,Butter move
2863,Tofu little
2864,Honey lose
2865,Onion almost
2866,Yogurt miss
2867,Cheese fine
2868,Yogurt red
2869,Chili series
2870,Paprika piece
2871,Potato down
2872,Lettuce person
2873,Chicken plan
2874,Chili report
2875,Paprika success
2876,Potato ability
2877,Tofu explain
2878,Olive Oil individual
2879,Chicken tell
2880,Chili partner
2881,Lemon step
2882,Coconut treatment
2883,Rice health
2884,Mushroom financial
2885,Salt with
2886,Honey people
2887,Cucumber low
2888,Beef probably
2889,Cinnamon with
2890,Coconut heart
2891,Olive Oil newspaper
2892,Carrot player
2893,Rice door
2894,Carrot door
2895,Cinnamon modern
2896,Tofu either
2897,Basil recent
2898,Garlic simple
2899,Fish once
2900,Potato series
2901,Lemon themselves
2902,Butter century
2903,Carrot table
2904,Chicken language
2905,Honey else
2906,Mushroom environment
2907,Coconut ground
2908,Onion attorney
2909,Cucumber company
2910,Egg why
2911,Fish foot
2912,Tomato amount
2913,Lemon real
2914,Cheese tonight
2915,Lemon hour
2916,Cucumber give
2917,Onion process
2918,Egg medical
2919,Lettuce sound
2920,Chicken score
2921,Garlic worker
2922,Basil upon
2923,Garlic instead
2924,Butter nearly
2925,Salt side
2926,Butter social
2927,Tomato education
2928,Garlic mouth
2929,Yogurt car
2930,Pepper lot
2931,Shrimp finally
2932,Rice front
2933,Coconut which
2934,Salt sing
2935,Rice hand
2936,Onion feeling
2937,Beef party
2938,Egg heavy
2939,Chicken hour
2940,Tofu rate
2941,Lettuce less
2942,Cinnamon explain
2943,Chili last
2944,Basil she
2945,Butter person
2946,Lettuce catch
2947,Onion church
2948,Onion off
2949,Cheese claim
2950,Paprika back
2951,Yogurt prevent
2952,Pepper bar
2953,Paprika without
2954,Salt shoulder
2955,Chili education
2956,Mushroom control
2957,Yogurt health
2958,Fish region
2959,Basil analysis
2960,Butter three
2961,Chicken give
2962,Beef opportunity
2963,Lettuce travel
2964,Chili smile
2965,Pepper happy
2966,Salt case
2967,Olive Oil gun
2968,Olive Oil force
2969,Milk onto
2970,Lemon finally
2971,Rice medical
2972,Chili close
2973,Milk appear
2974,Pepper who
2975,Milk government
2976,Chicken up
2977,Potato trip
2978,Onion home
2979,Tomato single
2980,Fish who
2981,Shrimp me
2982,Shrimp star
2983,Shrimp per
2984,Yogurt between
2985,Carrot chance
2986,Tofu cold
2987,Honey conference
2988,Tofu debate
2989,Cinnamon choose
2990,Lemon art
2991,Paprika painting
2992,Lettuce strategy
2993,Tomato campaign
2994,Basil seat
2995,Pasta act
2996,Cucumber eye
2997,Butter low
2998,Cheese have
2999,Butter help
3000,Chili apply
